app_id,figure_id,action,match,manifest_name,manifest_wave,manifest_year,figure_name,figure_subtitle,figure_year,image_url
lv-hasbro-marvel-legends-agent-venom-flash-thompson-spider-man-retro-collection-5-2025,lv-hasbro-marvel-legends-agent-venom-flash-thompson-spider-man-retro-collection-5-2025,new,same_id,Agent Venom (Flash Thompson) (2025),Spider-Man: Retro Collection 5,2025,Agent Venom (Flash Thompson) (2025),Spider-Man: Retro Collection 5,2025,https://www.actionfigure411.com/marvel/images/agent-venom-flash-thompson-retro-9101.jpg
lv-hasbro-marvel-legends-archangel-2025,lv-hasbro-marvel-legends-archangel-2025,new,same_id,Archangel (2025),,2025,Archangel (2025),,2025,https://www.actionfigure411.com/marvel/images/x-force-archangel-deluxe-10269.jpg
lv-hasbro-marvel-legends-beast-astonishing-x-men-mini-comics-series-ii-2025,lv-hasbro-marvel-legends-beast-astonishing-x-men-mini-comics-series-ii-2025,new,same_id,Beast (Astonishing X-Men) (2025),Mini Comics Series II,2025,Beast (Astonishing X-Men) (2025),Mini Comics Series II,2025,https://www.actionfigure411.com/marvel/images/beast-astonishing-x-men-12072.jpg
lv-hasbro-marvel-legends-bishop-x-men-97-2023,lv-hasbro-marvel-legends-bishop-x-men-97-2023,new,same_id,Bishop X-Men '97 (2023),X-Men '97,2023,Bishop X-Men '97 (2023),X-Men '97,2023,https://www.actionfigure411.com/marvel/images/bishop-7015.jpg
lv-hasbro-marvel-legends-black-cat-kingpin-baf-2018,lv-hasbro-marvel-legends-black-cat-kingpin-baf-2018,new,same_id,Black Cat (2018),Kingpin BAF,2018,Black Cat (2018),Kingpin BAF,2018,https://www.actionfigure411.com/marvel/images/black-cat-1165.jpg
lv-hasbro-marvel-legends-black-widow-the-uncanny-x-men-268-mini-comics-series-ii-2025,lv-hasbro-marvel-legends-black-widow-the-uncanny-x-men-268-mini-comics-series-ii-2025,new,same_id,Black Widow (The Uncanny X-Men #268) (2025),Mini Comics Series II,2025,Black Widow (The Uncanny X-Men #268) (2025),Mini Comics Series II,2025,https://www.actionfigure411.com/marvel/images/black-widow-uncanny-x-men-268-1990-12077.jpg
d14ml-bonebreaker-baf,d14ml-bonebreaker-baf,new,same_id,Bonebreaker (2022),X-Men BAF,2022,Bonebreaker (2022),X-Men BAF,2022,https://www.actionfigure411.com/marvel/images/bonebreaker-baf-3957.jpg
lv-hasbro-marvel-legends-bushwacker-2024,lv-hasbro-marvel-legends-bushwacker-2024,new,same_id,Bushwacker (2024),,2024,Bushwacker (2024),,2024,https://www.actionfigure411.com/marvel/images/punisher-and-bushwacker-8827.jpg
mlc-cable-askani,mlc-cable-askani,new,same_id,Cable (2024),Askani'son,2024,Cable (2024),Askani'son,2024,https://www.actionfigure411.com/marvel/images/cable-7994.jpg
lv-hasbro-marvel-legends-cable-x-men-97-iii-2025,lv-hasbro-marvel-legends-cable-x-men-97-iii-2025,new,same_id,Cable (2025),X-Men '97 III,2025,Cable (2025),X-Men '97 III,2025,https://www.actionfigure411.com/marvel/images/cable-11425.jpg
d14ml-caliban-baf,d14ml-caliban-baf,new,same_id,Caliban (2019),Build-A-Figure,2019,Caliban (2019),Build-A-Figure,2019,https://www.actionfigure411.com/marvel/images/caliban-baf-1201.jpg
ml4-cannonball,ml4-cannonball,new,same_id,Cannonball (2019),X-Force,2019,Cannonball (2019),X-Force,2019,https://www.actionfigure411.com/marvel/images/cannonball-1270.jpg
lv-hasbro-marvel-legends-captain-america-marvel-vs-capcom-2025,lv-hasbro-marvel-legends-captain-america-marvel-vs-capcom-2025,new,same_id,Captain America (2025),Marvel Vs Capcom,2025,Captain America (2025),Marvel Vs Capcom,2025,https://www.actionfigure411.com/marvel/images/captain-america-vs-venom-retro-video-game-11049.jpg
lv-hasbro-marvel-legends-captain-america-marvel-legends-series-i-2022,lv-hasbro-marvel-legends-captain-america-marvel-legends-series-i-2022,new,same_id,Captain America Series I (2022),Marvel Legends Series I,2022,Captain America Series I (2022),Marvel Legends Series I,2022,https://www.actionfigure411.com/marvel/images/captain-america-3587.jpg
lv-hasbro-marvel-legends-chameleon-spider-man-retro-collection-5-2025,lv-hasbro-marvel-legends-chameleon-spider-man-retro-collection-5-2025,new,same_id,Chameleon (2025),Spider-Man: Retro Collection 5,2025,Chameleon (2025),Spider-Man: Retro Collection 5,2025,https://www.actionfigure411.com/marvel/images/chameleon-retro-9103.jpg
ml3-ml-corvus,ml3-ml-corvus,new,same_id,Corvus Glaive (2019),BAF Wave,2019,Corvus Glaive (2019),BAF Wave,2019,https://www.actionfigure411.com/marvel/images/loki-corvus-glaive-1475.jpg
hs8-hs-28,hs8-hs-28,new,same_id,Cyclops (2024),Marvel Legends X-Men 97,2024,Cyclops (2024),Marvel Legends X-Men 97,2024,https://www.actionfigure411.com/marvel/images/cyclops-7952.jpg
lv-hasbro-marvel-legends-cyclops-nemesis-2025,lv-hasbro-marvel-legends-cyclops-nemesis-2025,new,same_id,Cyclops (2025),Nemesis,2025,Cyclops (2025),Nemesis,2025,https://www.actionfigure411.com/marvel/images/cyclops-9396.jpg
lv-hasbro-marvel-legends-dark-avengers-warbird-2025,lv-hasbro-marvel-legends-dark-avengers-warbird-2025,new,same_id,Dark Avengers Warbird (2025),,2025,Dark Avengers Warbird (2025),,2025,https://www.actionfigure411.com/marvel/images/dark-avengers-warbird-9033.jpg
lv-hasbro-marvel-legends-dazzler-warlock-2017,lv-hasbro-marvel-legends-dazzler-warlock-2017,new,same_id,Dazzler (2017),Warlock,2017,Dazzler (2017),Warlock,2017,https://www.actionfigure411.com/marvel/images/dazzler-368.jpg
lv-hasbro-marvel-legends-deadpool-back-in-black-2017,lv-hasbro-marvel-legends-deadpool-back-in-black-2017,new,same_id,Deadpool Back In Black (2017),,2017,Deadpool Back In Black (2017),,2017,https://www.actionfigure411.com/marvel/images/deadpool-back-in-black-798.jpg
lv-hasbro-marvel-legends-deadpool-deadpool-legacy-collection-2024,lv-hasbro-marvel-legends-deadpool-deadpool-legacy-collection-2024,new,same_id,Deadpool Deadpool: Legacy Collection (2024),Deadpool: Legacy Collection,2024,Deadpool Deadpool: Legacy Collection (2024),Deadpool: Legacy Collection,2024,https://www.actionfigure411.com/marvel/images/deadpool-legacy-collection-8453.jpg
lv-hasbro-marvel-legends-deadpool-marvel-comics-80th-anniversary-2019,lv-hasbro-marvel-legends-deadpool-marvel-comics-80th-anniversary-2019,new,same_id,Deadpool Marvel Comics 80th Anniversary (2019),Marvel Comics 80th Anniversary,2019,Deadpool Marvel Comics 80th Anniversary (2019),Marvel Comics 80th Anniversary,2019,https://www.actionfigure411.com/marvel/images/deadpool-and-hit-monkey-1432.jpg
lv-hasbro-marvel-legends-death-s-head-2024,lv-hasbro-marvel-legends-death-s-head-2024,new,same_id,Death's Head (2024),,2024,Death's Head (2024),,2024,https://www.actionfigure411.com/marvel/images/deaths-head-8809.jpg
ml3-ml-deathbird,ml3-ml-deathbird,new,same_id,Deathbird (2025),BAF,2024,Deathbird (2025),BAF,2024,https://www.actionfigure411.com/marvel/images/deathbird-gladiator-12092.jpg
mlc-deathbird,mlc-deathbird,new,same_id,Deathbird Shi'ar (2025),Shi'ar,2024,Deathbird Shi'ar (2025),Shi'ar,2024,https://www.actionfigure411.com/marvel/images/deathbird-gladiator-12092.jpg
lv-hasbro-marvel-legends-doctor-spectrum-2023,lv-hasbro-marvel-legends-doctor-spectrum-2023,new,same_id,Doctor Spectrum (2023),,2023,Doctor Spectrum (2023),,2023,https://www.actionfigure411.com/marvel/images/hyperion-doctor-spectrum-2-pack-6172.jpg
lv-hasbro-marvel-legends-emma-frost-diamond-form-2026,lv-hasbro-marvel-legends-emma-frost-diamond-form-2026,new,same_id,Emma Frost (Diamond Form) (2026),,2026,Emma Frost (Diamond Form) (2026),,2026,https://www.actionfigure411.com/marvel/images/emma-frost-diamond-form-13075.jpg
lv-hasbro-marvel-legends-fabian-cortez-nemesis-2025,lv-hasbro-marvel-legends-fabian-cortez-nemesis-2025,new,same_id,Fabian Cortez (2025),Nemesis,2025,Fabian Cortez (2025),Nemesis,2025,https://www.actionfigure411.com/marvel/images/fabian-cortez-9398.jpg
lv-hasbro-marvel-legends-fantomex-arnim-zola-2012,lv-hasbro-marvel-legends-fantomex-arnim-zola-2012,new,same_id,Fantomex (2012),Arnim Zola,2012,Fantomex (2012),Arnim Zola,2012,https://www.actionfigure411.com/marvel/images/fantomex-717.jpg
ml3-ml-galactus-baf,ml3-ml-galactus-baf,new,same_id,Galactus (2021),BAF Deluxe,2021,Galactus (2021),BAF Deluxe,2021,https://www.actionfigure411.com/marvel/images/galactus-2869.jpg
lv-hasbro-marvel-legends-gambit-nemesis-2025,lv-hasbro-marvel-legends-gambit-nemesis-2025,new,same_id,Gambit (2025),Nemesis,2025,Gambit (2025),Nemesis,2025,https://www.actionfigure411.com/marvel/images/gambit-9397.jpg
lv-hasbro-marvel-legends-ghost-rider-marvel-85th-anniversary-2024,lv-hasbro-marvel-legends-ghost-rider-marvel-85th-anniversary-2024,new,same_id,Ghost Rider (2024),Marvel 85th Anniversary,2024,Ghost Rider (2024),Marvel 85th Anniversary,2024,https://www.actionfigure411.com/marvel/images/ghost-rider-danny-ketch-8518.jpg
mlc-gladiator,mlc-gladiator,new,same_id,Gladiator Shi'ar Imperial Guard (2025),Shi'ar Imperial Guard,2024,Gladiator Shi'ar Imperial Guard (2025),Shi'ar Imperial Guard,2024,https://www.actionfigure411.com/marvel/images/deathbird-gladiator-12092.jpg
lv-hasbro-marvel-legends-hallow-s-eve-spider-man-retro-collection-4-2024,lv-hasbro-marvel-legends-hallow-s-eve-spider-man-retro-collection-4-2024,new,same_id,Hallow's Eve (2024),Spider-Man: Retro Collection 4,2024,Hallow's Eve (2024),Spider-Man: Retro Collection 4,2024,https://www.actionfigure411.com/marvel/images/hallows-eve-retro-7481.jpg
mlc-havok-classic,mlc-havok-classic,new,same_id,Havok X-Factor (2022),X-Factor,2021,Havok X-Factor (2022),X-Factor,2021,https://www.actionfigure411.com/marvel/images/havok-3952.jpg
lv-hasbro-marvel-legends-hawkeye-allfather-2015,lv-hasbro-marvel-legends-hawkeye-allfather-2015,new,same_id,Hawkeye (2015),Allfather,2015,Hawkeye (2015),Allfather,2015,https://www.actionfigure411.com/marvel/images/hawkeye-381.jpg
lv-hasbro-marvel-legends-human-torch-ronan-2007,lv-hasbro-marvel-legends-human-torch-ronan-2007,new,same_id,Human Torch (2007),Ronan,2007,Human Torch (2007),Ronan,2007,https://www.actionfigure411.com/marvel/images/human-torch-812.jpg
lv-hasbro-marvel-legends-hyperion-2023,lv-hasbro-marvel-legends-hyperion-2023,new,same_id,Hyperion (2023),,2023,Hyperion (2023),,2023,https://www.actionfigure411.com/marvel/images/hyperion-doctor-spectrum-2-pack-6172.jpg
lv-hasbro-marvel-legends-iceman-secret-wars-2026,lv-hasbro-marvel-legends-iceman-secret-wars-2026,new,same_id,Iceman Secret Wars (2026),Secret Wars,2026,Iceman Secret Wars (2026),Secret Wars,2026,https://www.actionfigure411.com/marvel/images/iceman-12149.jpg
lv-hasbro-marvel-legends-invisible-woman-ronan-2007,lv-hasbro-marvel-legends-invisible-woman-ronan-2007,new,same_id,Invisible Woman (2007),Ronan,2007,Invisible Woman (2007),Ronan,2007,https://www.actionfigure411.com/marvel/images/invisible-woman-813.jpg
ml4-iron-fist-immortal,ml4-iron-fist-immortal,new,same_id,Iron Fist (2024),Immortal,2024,Iron Fist (2024),Immortal,2024,https://www.actionfigure411.com/marvel/images/iron-fist-and-luke-cage-8496.jpg
lv-hasbro-marvel-legends-iron-man-controller-2022,lv-hasbro-marvel-legends-iron-man-controller-2022,new,same_id,Iron Man Controller (2022),Controller,2022,Iron Man Controller (2022),Controller,2022,https://www.actionfigure411.com/marvel/images/iron-man-model-70-4024.jpg
lv-hasbro-marvel-legends-jean-grey-uncanny-x-men-2025,lv-hasbro-marvel-legends-jean-grey-uncanny-x-men-2025,new,same_id,Jean Grey (2025),Uncanny X-Men,2025,Jean Grey (2025),Uncanny X-Men,2025,https://www.actionfigure411.com/marvel/images/jean-grey-x-factor-retro-10400.jpg
lv-hasbro-marvel-legends-kaine-spider-man-retro-collection-5-2025,lv-hasbro-marvel-legends-kaine-spider-man-retro-collection-5-2025,new,same_id,Kaine (2025),Spider-Man: Retro Collection 5,2025,Kaine (2025),Spider-Man: Retro Collection 5,2025,https://www.actionfigure411.com/marvel/images/kaine-retro-9102.jpg
lv-hasbro-marvel-legends-kingpin-spider-man-retro-collection-2020,lv-hasbro-marvel-legends-kingpin-spider-man-retro-collection-2020,new,same_id,Kingpin (2020),Spider-Man: Retro Collection,2020,Kingpin (2020),Spider-Man: Retro Collection,2020,https://www.actionfigure411.com/marvel/images/kingpin-retro-1508.jpg
ml4-luke-cage-hero,ml4-luke-cage-hero,new,same_id,Luke Cage (2024),Hero for Hire,2024,Luke Cage (2024),Hero for Hire,2024,https://www.actionfigure411.com/marvel/images/iron-fist-and-luke-cage-8496.jpg
mlc-maddy-pryor,mlc-maddy-pryor,new,same_id,Madelyne Pryor (2024),X-Men,2024,Madelyne Pryor (2024),X-Men,2024,https://www.actionfigure411.com/marvel/images/goblin-queen-7955.jpg
lv-hasbro-marvel-legends-magik-2018,lv-hasbro-marvel-legends-magik-2018,new,same_id,Magik (2018),,2018,Magik (2018),,2018,https://www.actionfigure411.com/marvel/images/magik-1123.jpg
lv-hasbro-marvel-legends-mary-jane-watson-iron-spider-spider-man-x-magic-the-gathering-2025,lv-hasbro-marvel-legends-mary-jane-watson-iron-spider-spider-man-x-magic-the-gathering-2025,new,same_id,Mary Jane Watson (Iron Spider) (2025),Spider-Man X Magic The Gathering,2025,Mary Jane Watson (Iron Spider) (2025),Spider-Man X Magic The Gathering,2025,https://www.actionfigure411.com/marvel/images/mary-jane-watson-iron-spider-11499.jpg
d14ml-melina,d14ml-melina,new,same_id,Melina Vostokoff (2021),Black Widow,2021,Melina Vostokoff (2021),Black Widow,2021,https://www.actionfigure411.com/marvel/images/red-guardian-melina-vostokoff-2-pack-1944.jpg
mlc-miguel,mlc-miguel,new,same_id,Miguel O'Hara (2023),Spider-Verse 2099,2023,Miguel O'Hara (2023),Spider-Verse 2099,2023,https://www.actionfigure411.com/marvel/images/spider-man-2099-6423.jpg
d14ml-modok-haslab,d14ml-modok-haslab,new,same_id,MODOK HasLab (2021),HasLab,2021,MODOK HasLab (2021),HasLab,2021,https://www.actionfigure411.com/marvel/images/modok-world-domination-tour-3337.jpg
ml3-ml-moondragon,ml3-ml-moondragon,new,same_id,Moondragon (2023),BAF Wave,2024,Moondragon (2023),BAF Wave,2024,https://www.actionfigure411.com/marvel/images/drax-the-destroyer-and-moondragon-6720.jpg
d14ml-moondragon,d14ml-moondragon,new,same_id,Moondragon Classic (2023),Classic,2022,Moondragon Classic (2023),Classic,2022,https://www.actionfigure411.com/marvel/images/drax-the-destroyer-and-moondragon-6720.jpg
mlc-morbius,mlc-morbius,new,same_id,Morbius (2020),Living Vampire,2020,Morbius (2020),Living Vampire,2020,https://www.actionfigure411.com/marvel/images/morbius-1516.jpg
mlc-morbius-classic2,mlc-morbius-classic2,new,same_id,Morbius (2023),Classic,2023,Morbius (2023),Classic,2023,https://www.actionfigure411.com/marvel/images/six-armed-spider-man-vs-morbius-6900.jpg
d14ml-ned-nwh,d14ml-ned-nwh,new,same_id,Ned Leeds (2022),No Way Home,2022,Ned Leeds (2022),No Way Home,2022,https://www.actionfigure411.com/marvel/images/peter-parker-and-ned-leeds-2-pack-4148.jpg
lv-hasbro-marvel-legends-nemesis-nemesis-baf-2025,lv-hasbro-marvel-legends-nemesis-nemesis-baf-2025,new,same_id,Nemesis (2025),Nemesis BAF,2025,Nemesis (2025),Nemesis BAF,2025,https://www.actionfigure411.com/marvel/images/nemesis-baf-9401.jpg
lv-hasbro-marvel-legends-nick-fury-2025,lv-hasbro-marvel-legends-nick-fury-2025,new,same_id,Nick Fury (2025),,2025,Nick Fury (2025),,2025,https://www.actionfigure411.com/marvel/images/punisher-and-nick-fury-12111.jpg
lv-hasbro-marvel-legends-nightcrawler-nemesis-2025,lv-hasbro-marvel-legends-nightcrawler-nemesis-2025,new,same_id,Nightcrawler (2025),Nemesis,2025,Nightcrawler (2025),Nemesis,2025,https://www.actionfigure411.com/marvel/images/nightcrawler-9394.jpg
d14ml-omega-red,d14ml-omega-red,new,same_id,Omega Red (2018),X-Men Classic,2018,Omega Red (2018),X-Men Classic,2018,https://www.actionfigure411.com/marvel/images/omega-red-1085.jpg
lv-hasbro-marvel-legends-onslaught-2026,lv-hasbro-marvel-legends-onslaught-2026,new,same_id,Onslaught (2026),,2026,Onslaught (2026),,2026,https://www.actionfigure411.com/marvel/images/onslaught-retro-13930.jpg
lv-hasbro-marvel-legends-polaris-warlock-2017,lv-hasbro-marvel-legends-polaris-warlock-2017,new,same_id,Polaris (2017),Warlock,2017,Polaris (2017),Warlock,2017,https://www.actionfigure411.com/marvel/images/polaris-370.jpg
lv-hasbro-marvel-legends-power-princess-the-void-2024,lv-hasbro-marvel-legends-power-princess-the-void-2024,new,same_id,Power Princess (2024),The Void,2024,Power Princess (2024),The Void,2024,https://www.actionfigure411.com/marvel/images/squadron-supreme-power-princess-7279.jpg
lv-hasbro-marvel-legends-punisher-daredevil-born-again-2025,lv-hasbro-marvel-legends-punisher-daredevil-born-again-2025,new,same_id,Punisher (Daredevil: Born Again) (2025),,2025,Punisher (Daredevil: Born Again) (2025),,2025,https://www.actionfigure411.com/marvel/images/punisher-born-again-10593.jpg
lv-hasbro-marvel-legends-punisher-war-journal-2-pack-2024,lv-hasbro-marvel-legends-punisher-war-journal-2-pack-2024,new,same_id,Punisher War Journal 2-Pack (2024),War Journal 2-Pack,2024,Punisher War Journal 2-Pack (2024),War Journal 2-Pack,2024,https://www.actionfigure411.com/marvel/images/punisher-and-bushwacker-8827.jpg
lv-hasbro-marvel-legends-punisher-war-machine-marvel-comics-80th-anniversary-2019,lv-hasbro-marvel-legends-punisher-war-machine-marvel-comics-80th-anniversary-2019,new,same_id,Punisher War Machine (2019),Marvel Comics 80th Anniversary,2019,Punisher War Machine (2019),Marvel Comics 80th Anniversary,2019,https://www.actionfigure411.com/marvel/images/punisher-war-machine-1323.jpg
mlc-quicksilver-aou,mlc-quicksilver-aou,new,same_id,Quicksilver Age of Ultron (2021),Age of Ultron,2021,Quicksilver Age of Ultron (2021),Age of Ultron,2021,https://www.actionfigure411.com/marvel/images/quicksilver-age-of-ultron-2377.jpg
lv-hasbro-marvel-legends-scarlet-spider-spider-man-retro-collection-4-2024,lv-hasbro-marvel-legends-scarlet-spider-spider-man-retro-collection-4-2024,new,same_id,Scarlet Spider (2024),Spider-Man: Retro Collection 4,2024,Scarlet Spider (2024),Spider-Man: Retro Collection 4,2024,https://www.actionfigure411.com/marvel/images/scarlet-spider-retro-7466.jpg
lv-hasbro-marvel-legends-scarlet-witch-marvel-vintage-collection-3-2022,lv-hasbro-marvel-legends-scarlet-witch-marvel-vintage-collection-3-2022,new,same_id,Scarlet Witch (2022),Marvel Vintage Collection 3,2022,Scarlet Witch (2022),Marvel Vintage Collection 3,2022,https://www.actionfigure411.com/marvel/images/scarlet-witch-retro-3583.jpg
d14ml-shaw-hf,d14ml-shaw-hf,new,same_id,Sebastian Shaw (2020),Hellfire Club,2020,Sebastian Shaw (2020),Hellfire Club,2020,https://www.actionfigure411.com/marvel/images/hellfire-club-1709.jpg
ml4-selene,ml4-selene,new,same_id,Selene (2024),Black Queen,2024,Selene (2024),Black Queen,2024,https://www.actionfigure411.com/marvel/images/hellfire-club-1709.jpg
mlc-sersi,mlc-sersi,new,same_id,Sersi (2021),Eternals,2021,Sersi (2021),Eternals,2021,https://www.actionfigure411.com/marvel/images/sersi-3187.jpg
lv-hasbro-marvel-legends-she-hulk-fantastic-four-2025,lv-hasbro-marvel-legends-she-hulk-fantastic-four-2025,new,same_id,She-Hulk (2025),Fantastic Four,2025,She-Hulk (2025),Fantastic Four,2025,https://www.actionfigure411.com/marvel/images/she-hulk-retro-10704.jpg
lv-hasbro-marvel-legends-she-hulk-iron-man-retro-collection-ii-2024,lv-hasbro-marvel-legends-she-hulk-iron-man-retro-collection-ii-2024,new,same_id,She-Hulk Iron Man: Retro Collection II (2024),Iron Man: Retro Collection II,2024,She-Hulk Iron Man: Retro Collection II (2024),Iron Man: Retro Collection II,2024,https://www.actionfigure411.com/marvel/images/she-hulk-retro-8436.jpg
ml6-ml-silk,ml6-ml-silk,new,same_id,Silk (2022),Wave6,2023,Silk (2022),Wave6,2023,https://www.actionfigure411.com/marvel/images/silk-and-doctor-octopus-2-pack-4091.jpg
mlc-silk,mlc-silk,new,same_id,Silk Cindy Moon (2022),Cindy Moon,2023,Silk Cindy Moon (2022),Cindy Moon,2023,https://www.actionfigure411.com/marvel/images/silk-and-doctor-octopus-2-pack-4091.jpg
lv-hasbro-marvel-legends-spider-man-executioner-2026,lv-hasbro-marvel-legends-spider-man-executioner-2026,new,same_id,Spider-Man (2026),Executioner,2026,Spider-Man (2026),Executioner,2026,https://www.actionfigure411.com/marvel/images/dark-avengers-spider-man-12173.jpg
lv-hasbro-marvel-legends-spider-man-last-stand-spider-man-retro-collection-4-2024,lv-hasbro-marvel-legends-spider-man-last-stand-spider-man-retro-collection-4-2024,new,same_id,Spider-Man (Last Stand) (2024),Spider-Man: Retro Collection 4,2024,Spider-Man (Last Stand) (2024),Spider-Man: Retro Collection 4,2024,https://www.actionfigure411.com/marvel/images/spider-man-last-stand-retro-7468.jpg
lv-hasbro-marvel-legends-spider-man-symbiote-suit-2025,lv-hasbro-marvel-legends-spider-man-symbiote-suit-2025,new,same_id,Spider-Man (Symbiote Suit) (2025),,2025,Spider-Man (Symbiote Suit) (2025),,2025,https://www.actionfigure411.com/marvel/images/spider-man-symbiote-black-suit-8873.jpg
lv-hasbro-marvel-legends-spider-man-2099-spider-man-retro-collection-6-2026,lv-hasbro-marvel-legends-spider-man-2099-spider-man-retro-collection-6-2026,new,same_id,Spider-Man 2099 (2026),Spider-Man: Retro Collection 6,2026,Spider-Man 2099 (2026),Spider-Man: Retro Collection 6,2026,https://www.actionfigure411.com/marvel/images/spider-man-2099-retro-v2-12354.jpg
lv-hasbro-marvel-legends-spider-man-77-2025,lv-hasbro-marvel-legends-spider-man-77-2025,new,same_id,Spider-man 77 (2025),,2025,Spider-man 77 (2025),,2025,https://www.actionfigure411.com/marvel/images/spider-man-77-10267.jpg
lv-hasbro-marvel-legends-spider-man-amazing-fantasy-15-spider-man-retro-collection-2-2022,lv-hasbro-marvel-legends-spider-man-amazing-fantasy-15-spider-man-retro-collection-2-2022,new,same_id,Spider-Man Amazing Fantasy #15 (2022),Amazing Fantasy #15 · Spider-Man: Retro Collection 2,2022,Spider-Man Amazing Fantasy #15 (2022),Amazing Fantasy #15 · Spider-Man: Retro Collection 2,2022,https://www.actionfigure411.com/marvel/images/amazing-fantasy-spider-man-4144.jpg
d14ml-spidey-india,d14ml-spidey-india,new,same_id,Spider-Man India (2024),Pavitr Prabhakar,2024,Spider-Man India (2024),Pavitr Prabhakar,2024,https://www.actionfigure411.com/marvel/images/pavitr-prabhakar-8969.jpg
lv-hasbro-marvel-legends-spider-man-infinity-saga-ii-2023,lv-hasbro-marvel-legends-spider-man-infinity-saga-ii-2023,new,same_id,Spider-Man Infinity Saga II (2023),Infinity Saga II,2023,Spider-Man Infinity Saga II (2023),Infinity Saga II,2023,https://www.actionfigure411.com/marvel/images/spider-man-civil-war-7448.jpg
ml2-spiderman-mig,ml2-spiderman-mig,new,same_id,Spider-Man Miguel O'Hara (2023),Miguel O'Hara,2023,Spider-Man Miguel O'Hara (2023),Miguel O'Hara,2023,https://www.actionfigure411.com/marvel/images/spider-man-2099-6423.jpg
lv-hasbro-marvel-legends-spider-man-spider-armor-mk-i-spider-man-retro-collection-2-2022,lv-hasbro-marvel-legends-spider-man-spider-armor-mk-i-spider-man-retro-collection-2-2022,new,same_id,Spider-Man Spider-Armor MK I (2022),Spider-Armor MK I · Spider-Man: Retro Collection 2,2022,Spider-Man Spider-Armor MK I (2022),Spider-Armor MK I · Spider-Man: Retro Collection 2,2022,https://www.actionfigure411.com/marvel/images/spider-armor-mk-i-retro-3255.jpg
lv-hasbro-marvel-legends-spider-man-unlimited-spider-man-retro-collection-5-2025,lv-hasbro-marvel-legends-spider-man-unlimited-spider-man-retro-collection-5-2025,new,same_id,Spider-Man Unlimited (2025),Spider-Man: Retro Collection 5,2025,Spider-Man Unlimited (2025),Spider-Man: Retro Collection 5,2025,https://www.actionfigure411.com/marvel/images/spider-man-unlimited-retro-9100.jpg
lv-hasbro-marvel-legends-spider-shot-spider-man-retro-collection-4-2024,lv-hasbro-marvel-legends-spider-shot-spider-man-retro-collection-4-2024,new,same_id,Spider-Shot (2024),Spider-Man: Retro Collection 4,2024,Spider-Shot (2024),Spider-Man: Retro Collection 4,2024,https://www.actionfigure411.com/marvel/images/spider-shot-retro-7482.jpg
lv-hasbro-marvel-legends-spider-venom-spider-man-retro-collection-6-2026,lv-hasbro-marvel-legends-spider-venom-spider-man-retro-collection-6-2026,new,same_id,Spider-Venom (2026),Spider-Man: Retro Collection 6,2026,Spider-Venom (2026),Spider-Man: Retro Collection 6,2026,https://www.actionfigure411.com/marvel/images/spider-venom-retro-12352.jpg
lv-hasbro-marvel-legends-spider-woman-lizard-2018,lv-hasbro-marvel-legends-spider-woman-lizard-2018,new,same_id,Spider-Woman (2018),Lizard,2018,Spider-Woman (2018),Lizard,2018,https://www.actionfigure411.com/marvel/images/spider-woman-971.jpg
d14ml-storm-black,d14ml-storm-black,new,same_id,Storm (2020),Black Costume,2020,Storm (2020),Black Costume,2020,https://www.actionfigure411.com/marvel/images/storm-black-suit-retro-1506.jpg
lv-hasbro-marvel-legends-storm-uncanny-x-men-2025,lv-hasbro-marvel-legends-storm-uncanny-x-men-2025,new,same_id,Storm (2025),Uncanny X-Men,2025,Storm (2025),Uncanny X-Men,2025,https://www.actionfigure411.com/marvel/images/storm-outback-era-retro-12132.jpg
d14ml-sunfire-aoa,d14ml-sunfire-aoa,new,same_id,Sunfire Age of Apocalypse (2020),Age of Apocalypse,2020,Sunfire Age of Apocalypse (2020),Age of Apocalypse,2020,https://www.actionfigure411.com/marvel/images/sunfire-1385.jpg
lv-hasbro-marvel-legends-superior-spider-man-marvel-85th-anniversary-2024,lv-hasbro-marvel-legends-superior-spider-man-marvel-85th-anniversary-2024,new,same_id,Superior Spider-Man (2024),Marvel 85th Anniversary,2024,Superior Spider-Man (2024),Marvel 85th Anniversary,2024,https://www.actionfigure411.com/marvel/images/superior-spider-man-8487.jpg
lv-hasbro-marvel-legends-the-punisher-marvel-rivals-2026,lv-hasbro-marvel-legends-the-punisher-marvel-rivals-2026,new,same_id,The Punisher (Marvel Rivals) (2026),,2026,The Punisher (Marvel Rivals) (2026),,2026,https://www.actionfigure411.com/marvel/images/the-punisher-13534.jpg
lv-hasbro-marvel-legends-thor-terrax-2012,lv-hasbro-marvel-legends-thor-terrax-2012,new,same_id,Thor (2012),Terrax,2012,Thor (2012),Terrax,2012,https://www.actionfigure411.com/marvel/images/thor-726.jpg
lv-hasbro-marvel-legends-uncanny-spider-man-nightcrawler-spider-man-retro-collection-6-2026,lv-hasbro-marvel-legends-uncanny-spider-man-nightcrawler-spider-man-retro-collection-6-2026,new,same_id,Uncanny Spider-Man (Nightcrawler) (2026),Spider-Man: Retro Collection 6,2026,Uncanny Spider-Man (Nightcrawler) (2026),Spider-Man: Retro Collection 6,2026,https://www.actionfigure411.com/marvel/images/uncanny-spider-man-nightcrawler-retro-12353.jpg
d14ml-venom-classic-d,d14ml-venom-classic-d,new,same_id,Venom (2018),Monster Venom Wave,2018,Venom (2018),Monster Venom Wave,2018,/figures/d14ml-venom-classic-d.jpg
ml6-ml-venom-space,ml6-ml-venom-space,new,same_id,Venom (2023),Space Knight Wave6,2023,Venom (2023),Space Knight Wave6,2023,https://www.actionfigure411.com/marvel/images/mania-and-venom-space-knight-2-pack-6856.jpg
lv-hasbro-marvel-legends-venom-marvel-vs-capcom-2025,lv-hasbro-marvel-legends-venom-marvel-vs-capcom-2025,new,same_id,Venom (2025),Marvel Vs Capcom,2025,Venom (2025),Marvel Vs Capcom,2025,https://www.actionfigure411.com/marvel/images/captain-america-vs-venom-retro-video-game-11049.jpg
lv-hasbro-marvel-legends-warbird-marvel-85th-anniversary-2024,lv-hasbro-marvel-legends-warbird-marvel-85th-anniversary-2024,new,same_id,Warbird (2024),Marvel 85th Anniversary,2024,Warbird (2024),Marvel 85th Anniversary,2024,https://www.actionfigure411.com/marvel/images/warbird-8541.jpg
lv-hasbro-marvel-legends-warpath-2025,lv-hasbro-marvel-legends-warpath-2025,new,same_id,Warpath (2025),,2025,Warpath (2025),,2025,https://www.actionfigure411.com/marvel/images/x-force-x-23-warpath-10305.jpg
lv-hasbro-marvel-legends-wolverine-nemesis-2025,lv-hasbro-marvel-legends-wolverine-nemesis-2025,new,same_id,Wolverine (2025),Nemesis,2025,Wolverine (2025),Nemesis,2025,https://www.actionfigure411.com/marvel/images/wolverine-9395.jpg
lv-hasbro-marvel-legends-wolverine-brown-suit-deadpool-wolverine-2026-2026,lv-hasbro-marvel-legends-wolverine-brown-suit-deadpool-wolverine-2026-2026,new,same_id,Wolverine (Brown Suit) (2026),Deadpool & Wolverine (2026),2026,Wolverine (Brown Suit) (2026),Deadpool & Wolverine (2026),2026,https://www.actionfigure411.com/marvel/images/wolverine-brown-suit-deadpool-wolverine-12637.jpg
lv-hasbro-marvel-legends-wolverine-marvel-85th-anniversary-2024,lv-hasbro-marvel-legends-wolverine-marvel-85th-anniversary-2024,new,same_id,Wolverine Marvel 85th Anniversary (2024),Marvel 85th Anniversary,2024,Wolverine Marvel 85th Anniversary (2024),Marvel 85th Anniversary,2024,https://www.actionfigure411.com/marvel/images/wolverine-8488.jpg
ml2-wong,ml2-wong,new,same_id,Wong (2022),Sorcerer,2022,Wong (2022),Sorcerer,2022,https://www.actionfigure411.com/marvel/images/wong-3739.jpg
ml6-ml-wong-w6,ml6-ml-wong-w6,new,same_id,Wong (2024),Wave6,2024,Wong (2024),Wave6,2024,https://www.actionfigure411.com/marvel/images/doctor-strange-wong-and-bats-8900.jpg
lv-hasbro-marvel-legends-x-23-x-force-2025,lv-hasbro-marvel-legends-x-23-x-force-2025,new,same_id,X-23 (2025),X-Force,2025,X-23 (2025),X-Force,2025,https://www.actionfigure411.com/marvel/images/x-force-x-23-warpath-10305.jpg
tb2-giant-angel,tb2-giant-angel,new,same_id,Angel Giant-Size X-Men (2005),Giant-Size X-Men,2005,Angel Giant-Size X-Men (2005),Giant-Size X-Men,2005,https://www.actionfigure411.com/marvel/images/angel-892.jpg
tb4-series9-blackpanther,tb4-series9-blackpanther,new,same_id,Black Panther Series 9 (2005),Series 9,2005,Black Panther Series 9 (2005),Series 9,2005,https://www.actionfigure411.com/marvel/images/black-panther-894.jpg
tb2-s3-blade,tb2-s3-blade,new,same_id,Blade (2004),Series 3,2004,Blade (2004),Series 3,2004,https://www.actionfigure411.com/marvel/images/blade-937.jpg
tb4-series11-cable,tb4-series11-cable,new,same_id,Cable Series 11 (2004),Series 11,2005,Cable Series 11 (2004),Series 11,2005,https://www.actionfigure411.com/marvel/images/cable-929.jpg
tb2-s4-cable,tb2-s4-cable,new,same_id,Cable Series 4 (2004),Series 4,2004,Cable Series 4 (2004),Series 4,2004,https://www.actionfigure411.com/marvel/images/cable-929.jpg
tb7-29,tb7-29,new,same_id,Cable Series 8 (2004),Series 8,2004,Cable Series 8 (2004),Series 8,2004,https://www.actionfigure411.com/marvel/images/cable-929.jpg
tb2-s1-cap,tb2-s1-cap,new,same_id,Captain America (2002),Series 1,2002,Captain America (2002),Series 1,2002,https://www.actionfigure411.com/marvel/images/captain-america-961.jpg
tb2-faceoff-cap,tb2-faceoff-cap,new,same_id,Captain America (2006),Face-Off,2005,Captain America (2006),Face-Off,2005,https://www.actionfigure411.com/marvel/images/captain-america-vs-red-skull-1996.jpg
tb7-27,tb7-27,new,same_id,Colossus (2004),Series 7,2004,Colossus (2004),Series 7,2004,https://www.actionfigure411.com/marvel/images/colossus-942.jpg
tb2-s1-daredevil,tb2-s1-daredevil,new,same_id,Daredevil (2001),Series 1,2002,Daredevil (2001),Series 1,2002,https://www.actionfigure411.com/marvel/images/daredevil-949.jpg
tb2-s4-deadpool,tb2-s4-deadpool,new,same_id,Deadpool Series 4 (2004),Series 4,2004,Deadpool Series 4 (2004),Series 4,2004,https://www.actionfigure411.com/marvel/images/deadpool-930.jpg
tb7-30,tb7-30,new,same_id,Deadpool Series 8 (2004),Series 8,2004,Deadpool Series 8 (2004),Series 8,2004,https://www.actionfigure411.com/marvel/images/deadpool-930.jpg
tb2-s3-elektra,tb2-s3-elektra,new,same_id,Elektra (2003),Series 3,2003,Elektra (2003),Series 3,2003,https://www.actionfigure411.com/marvel/images/elektra-945.jpg
tb7-46,tb7-46,new,same_id,Galactus (2005),Build-A-Figure,2005,Galactus (2005),Build-A-Figure,2005,https://www.actionfigure411.com/marvel/images/galactus-baf-912.jpg
tb2-s3-ghost-rider,tb2-s3-ghost-rider,new,same_id,Ghost Rider (2002),Series 3,2004,Ghost Rider (2002),Series 3,2004,https://www.actionfigure411.com/marvel/images/ghost-rider-950.jpg
tb2-legendary-riders-ghost,tb2-legendary-riders-ghost,new,same_id,Ghost Rider (2004),Legendary Riders,2005,Ghost Rider (2004),Legendary Riders,2005,https://www.actionfigure411.com/marvel/images/ghost-rider-921.jpg
tb2-giant-iceman,tb2-giant-iceman,new,same_id,Iceman Giant-Size X-Men (2004),Giant-Size X-Men,2005,Iceman Giant-Size X-Men (2004),Giant-Size X-Men,2005,https://www.actionfigure411.com/marvel/images/iceman-916.jpg
tb2-series6-ironman,tb2-series6-ironman,new,same_id,Iron Man (2006),Series 6 Modern,2006,Iron Man (2006),Series 6 Modern,2006,https://www.actionfigure411.com/marvel/images/modern-iron-man-917.jpg
tb4-variant-ironman-silver,tb4-variant-ironman-silver,new,same_id,Iron Man Silver Centurion (2004),Silver Centurion,2004,Iron Man Silver Centurion (2004),Silver Centurion,2004,https://www.actionfigure411.com/marvel/images/silver-centurion-iron-man-924.jpg
tb2-faceoff-jigsaw,tb2-faceoff-jigsaw,new,same_id,Jigsaw (2006),Face-Off,2005,Jigsaw (2006),Face-Off,2005,https://www.actionfigure411.com/marvel/images/punisher-vs-jigsaw-2006.jpg
tb2-s2-magneto,tb2-s2-magneto,new,same_id,Magneto (2002),Series 2,2002,Magneto (2002),Series 2,2002,https://www.actionfigure411.com/marvel/images/magneto-951.jpg
tb4-baf-mojo,tb4-baf-mojo,new,same_id,Mojo (2006),BAF,2006,Mojo (2006),BAF,2006,https://www.actionfigure411.com/marvel/images/mojo-baf-862.jpg
lv-toybiz-marvel-legends-toy-biz-mr-fantastic-toybiz-series-v-2003,lv-toybiz-marvel-legends-toy-biz-mr-fantastic-toybiz-series-v-2003,new,same_id,Mr. Fantastic (2003),ToyBiz Series V,2003,Mr. Fantastic (2003),ToyBiz Series V,2003,https://www.actionfigure411.com/marvel/images/mr-fantastic-940.jpg
tb2-giant-phoenix,tb2-giant-phoenix,new,same_id,Phoenix (2004),Giant-Size X-Men,2005,Phoenix (2004),Giant-Size X-Men,2005,https://www.actionfigure411.com/marvel/images/phoenix-931.jpg
tb4-icons-professor-x,tb4-icons-professor-x,new,same_id,Professor X (2005),Icons,2006,Professor X (2005),Icons,2006,https://www.actionfigure411.com/marvel/images/professor-x-910.jpg
tb2-faceoff-punisher,tb2-faceoff-punisher,new,same_id,Punisher (2005),Face-Off,2005,Punisher (2005),Face-Off,2005,https://www.actionfigure411.com/marvel/images/punisher-vs-jigsaw-2006.jpg
tb2-onslaught-wave-pyro,tb2-onslaught-wave-pyro,new,same_id,Pyro (2006),Onslaught Wave,2006,Pyro (2006),Onslaught Wave,2006,https://www.actionfigure411.com/marvel/images/pyro-890.jpg
tb2-faceoff-redskull,tb2-faceoff-redskull,new,same_id,Red Skull (2006),Face-Off,2005,Red Skull (2006),Face-Off,2005,https://www.actionfigure411.com/marvel/images/captain-america-vs-red-skull-1996.jpg
tb2-s2-sabretooth,tb2-s2-sabretooth,new,same_id,Sabretooth (2002),Series 2,2002,Sabretooth (2002),Series 2,2002,https://www.actionfigure411.com/marvel/images/sabretooth-943.jpg
tb2-faceoff-sabretooth,tb2-faceoff-sabretooth,new,same_id,Sabretooth (2006),Face-Off,2005,Sabretooth (2006),Face-Off,2005,https://www.actionfigure411.com/marvel/images/wolverine-vs-sabretooth-2002.jpg
tb2-s5-sentinel,tb2-s5-sentinel,new,same_id,Sentinel Series 5 (2005),Series 5 BAF,2005,Sentinel Series 5 (2005),Series 5 BAF,2005,https://www.actionfigure411.com/marvel/images/sentinel-baf-901.jpg
lv-toybiz-marvel-legends-toy-biz-thing-toybiz-series-ii-2002,lv-toybiz-marvel-legends-toy-biz-thing-toybiz-series-ii-2002,new,same_id,Thing (2002),ToyBiz Series II,2002,Thing (2002),ToyBiz Series II,2002,https://www.actionfigure411.com/marvel/images/thing-954.jpg
tb2-faceoff-wolverine,tb2-faceoff-wolverine,new,same_id,Wolverine Face-Off (2005),Face-Off,2005,Wolverine Face-Off (2005),Face-Off,2005,https://www.actionfigure411.com/marvel/images/wolverine-vs-sabretooth-2002.jpg
mephitsu:marvel-legends:843d72c8-336c-4fd0-93f8-e07ee0266f7c,ml5-ml-blade-movie-dpw,replaced,prefix:agree:both,Blade,Deadpool & Wolverine Wave 2,2026,Blade Deadpool & Wolverine (2026),Deadpool & Wolverine Legends,2026,"https://static.wixstatic.com/media/adc447_f8bcc2514aab40d1828bf81a927a5597~mv2.jpg/v1/fill/w_1200,h_1200,al_c,q_90/adc447_f8bcc2514aab40d1828bf81a927a5597~mv2.jpg"
mephitsu:marvel-legends:6e28ba6d-b749-4c3f-8612-26d9fd272f27,lv-hasbro-marvel-legends-captain-america-secret-wars-2024,new,prefix:agree:both,Captain America,Secret Wars Retro Wave 1,2024,Captain America Secret Wars (2024),Secret Wars,2024,"https://static.wixstatic.com/media/adc447_a224f88e2a324692a1a3b46b28da6858~mv2.jpg/v1/fill/w_1200,h_1200,al_c,q_90/adc447_a224f88e2a324692a1a3b46b28da6858~mv2.jpg"
mephitsu:marvel-legends:3de40812-71b2-44f3-8393-b75032a4d5f4,d14ml-cosmo,new,equal:agree:both,Cosmo,GOTG Vol. 3 Cosmo BAF Wave,2023,Cosmo (2023),Guardians Vol. 3,2023,"https://static.wixstatic.com/media/adc447_68599d2afb984388b8a912c5ad15e61b~mv2.jpg/v1/fill/w_1200,h_1200,al_c,q_90/adc447_68599d2afb984388b8a912c5ad15e61b~mv2.jpg"
mephitsu:marvel-legends:30522a14-5df1-48f2-9f2a-287c958bdbdd,d14ml-ml-retro-cyclops,replaced,equal:agree:both,Cyclops,Retro 2019,2019,Cyclops (2019),Retro Card,2019,"https://static.wixstatic.com/media/adc447_05f9c09c0e3e4fa6b4bc063eb57e3237~mv2.jpg/v1/fill/w_1200,h_1200,al_c,q_90/adc447_05f9c09c0e3e4fa6b4bc063eb57e3237~mv2.jpg"
mephitsu:marvel-legends:e43edae1-c0d3-43e7-9d46-91bb0ce8e17c,afmon-hasbro-daredevil-hsg0817,replaced,equal:agree:both,Daredevil,Mini-Comic Wave 2,2025,Daredevil (2025),Mini Comics Series II,2025,"https://static.wixstatic.com/media/adc447_fc153bfd5cb44223843ed1549a36a2d3~mv2.jpg/v1/fill/w_1200,h_1200,al_c,q_90/adc447_fc153bfd5cb44223843ed1549a36a2d3~mv2.jpg"
mephitsu:marvel-legends:29294aae-de6f-4fb4-82d7-17c52a1d6096,lv-hasbro-marvel-legends-deadpool-sasquatch-2018,new,prefix:agree:both,Deadpool,Sasquatch BAF Wave,2018,Deadpool Sasquatch (2018),Sasquatch,2018,"https://static.wixstatic.com/media/adc447_b5d4b6f8c3154440b35d0dba5a16bb60~mv2.jpg/v1/fill/w_1200,h_1200,al_c,q_90/adc447_b5d4b6f8c3154440b35d0dba5a16bb60~mv2.jpg"
mephitsu:marvel-legends:6389aa15-d7de-4ad4-9adf-3f4ea8af442b,ml5-ml-deadpool-wolverine-movie,replaced,prefix:agree:both,Deadpool,Deadpool & Wolverine Wave 1,2024,Deadpool Deadpool & Wolverine (2024),Deadpool & Wolverine Legends,2024,"https://static.wixstatic.com/media/adc447_5d35f0136e6042cf96987f686a7732f1~mv2.jpg/v1/fill/w_1200,h_1200,al_c,q_90/adc447_5d35f0136e6042cf96987f686a7732f1~mv2.jpg"
mephitsu:marvel-legends:e467aff1-abdf-41ab-ba8a-f244ae3da9b1,lv-hasbro-marvel-legends-doc-ock-spider-man-no-way-home-2023,new,equal:agree:both,Doc Ock,No Way Home Deluxe,2023,Doc Ock (2023),Spider-Man - No Way Home,2023,"https://static.wixstatic.com/media/adc447_63d0b1e507d64ea2802594b672e9d33b~mv2.jpg/v1/fill/w_1200,h_1200,al_c,q_90/adc447_63d0b1e507d64ea2802594b672e9d33b~mv2.jpg"
mephitsu:marvel-legends:1cd012b7-baa0-487c-ab90-891c3f8b488d,ml6-ml-drax-vol3,replaced,equal:agree:both,Drax,GOTG Vol. 3 Cosmo BAF Wave,2023,Drax (2023),Vol. 3 Wave6,2023,"https://static.wixstatic.com/media/adc447_2dd1094464024af4a27b206a3c66fa06~mv2.jpg/v1/fill/w_1200,h_1200,al_c,q_90/adc447_2dd1094464024af4a27b206a3c66fa06~mv2.jpg"
mephitsu:marvel-legends:7216a0da-d9a3-4233-ad74-ef76ba5b98be,ml5-ml-elektra-movie-dpw,already_correct,equal:agree:both,Elektra,Man-Thing BAF Wave,2017,Elektra (2017),Man-Thing BAF Wave,2017,"https://static.wixstatic.com/media/adc447_32feee2ebd3f47798631e8b3f376afbf~mv2.jpg/v1/fill/w_1200,h_1200,al_c,q_90/adc447_32feee2ebd3f47798631e8b3f376afbf~mv2.jpg"
mephitsu:marvel-legends:3d1fe71d-9630-48e9-9235-63078aae97ac,mlc-emma-hellfire,replaced,equal:agree:both,Emma Frost,Ch'od BAF Wave,2023,Emma Frost (2023),Hellfire Gala · Ch'od BAF,2023,"https://static.wixstatic.com/media/adc447_56ffcd14d87e4f9c860c1456f45dbe4b~mv2.jpg/v1/fill/w_1200,h_1200,al_c,q_90/adc447_56ffcd14d87e4f9c860c1456f45dbe4b~mv2.jpg"
mephitsu:marvel-legends:1d130398-b876-4eac-ab39-226340bc3a2e,mlc-galactus-haslab,already_correct,equal:agree:both,Galactus,HasLab,2022,Galactus (2022),HasLab Herald of Hunger,2022,https://cdn.shopify.com/s/files/1/0216/0984/0740/products/marvel-legends-haslab-exclusive-galactus-5010994104573.jpg?v=1666649329
mephitsu:marvel-legends:1bd98a55-64b0-47c6-9bf8-adb9653a5b59,ml5-ml-x97-gambit,new,equal:agree:both,Gambit,X-Men '97 Wave 1,2023,Gambit (2023),X-Men '97 Legends,2023,"https://static.wixstatic.com/media/adc447_6166a228c6884ddcbaa74b3e5b4f201d~mv2.jpg/v1/fill/w_1200,h_1200,al_c,q_90/adc447_6166a228c6884ddcbaa74b3e5b4f201d~mv2.jpg"
mephitsu:marvel-legends:b14f7681-0405-4a7a-82b3-6a4a53e9a0c5,d14ml-ghostspider,replaced,equal:agree:paren,Ghost-Spider,Venompool BAF Wave,2020,Ghost-Spider (2020),Classic · Venompool BAF,2018,"https://static.wixstatic.com/media/adc447_cd4a62fa201343fd9b1b159bb1bd9432~mv2.jpg/v1/fill/w_1200,h_1200,al_c,q_90/adc447_cd4a62fa201343fd9b1b159bb1bd9432~mv2.jpg"
mephitsu:marvel-legends:68386c64-4202-4fcc-ac9f-86d9d3b7058b,hs8-hs-02,replaced,prefix:agree:both,Green Goblin,Retro 2020,2020,Green Goblin Retro (2020),Marvel Legends Retro,2020,"https://static.wixstatic.com/media/adc447_60f577760f814c499db9e4a90c78da22~mv2.jpg/v1/fill/w_1200,h_1200,al_c,q_90/adc447_60f577760f814c499db9e4a90c78da22~mv2.jpg"
mephitsu:marvel-legends:fca55827-8cef-452c-aeea-47e8b1444578,d14ml-gg-nwh,replaced,equal:agree:both,Green Goblin,No Way Home Deluxe,2023,Green Goblin (2023),No Way Home,2023,"https://static.wixstatic.com/media/adc447_1b5deae9ee2e440d934ac0c203c66a34~mv2.jpg/v1/fill/w_1200,h_1200,al_c,q_90/adc447_1b5deae9ee2e440d934ac0c203c66a34~mv2.jpg"
mephitsu:marvel-legends:ba8f89f0-2363-43c7-86bd-d4f0da83b2e3,ml5-ml-heimdall,already_correct,equal:agree:both,Heimdall,Endgame Thor BAF WAve,2019,Heimdall (2019),Thor,2019,"https://static.wixstatic.com/media/adc447_50af4473214a4767b7961ce104ed8598~mv2.jpg/v1/fill/w_1200,h_1200,al_c,q_90/adc447_50af4473214a4767b7961ce104ed8598~mv2.jpg"
mephitsu:marvel-legends:5dd0c77a-f878-4727-a0a7-a865fedfc13c,hs8-hs-06,replaced,equal:agree:both,Hobgoblin,Spider-Man Retro 2022,2022,Hobgoblin (2022),Marvel Legends Retro,2022,"https://static.wixstatic.com/media/adc447_cc94313e8d0c4f68a2a0707908d2a831~mv2.jpg/v1/fill/w_1200,h_1200,al_c,q_90/adc447_cc94313e8d0c4f68a2a0707908d2a831~mv2.jpg"
mephitsu:marvel-legends:77829bfa-f97c-450f-9733-9c3c9e7edeaa,d14ml-ml-retro-iceman,replaced,equal:agree:paren,Iceman,Retro 2019,2019,Iceman (2019),Retro Card,2018,"https://static.wixstatic.com/media/adc447_1add5d520be44348971c773367f8aaeb~mv2.jpg/v1/fill/w_1200,h_1200,al_c,q_90/adc447_1add5d520be44348971c773367f8aaeb~mv2.jpg"
mephitsu:marvel-legends:cb3aeaee-5695-4ab7-bd3a-4bc7ba739b50,d14ml-iceman-aoa,replaced,prefix:agree:both,Iceman,Age of Apocalypse Wave 2,2021,Iceman Age of Apocalypse (2021),Age of Apocalypse,2021,"https://static.wixstatic.com/media/adc447_eb112fd57e324f9e84085a0788c6036b~mv2.jpg/v1/fill/w_1200,h_1200,al_c,q_90/adc447_eb112fd57e324f9e84085a0788c6036b~mv2.jpg"
mephitsu:marvel-legends:babdcfac-6f53-4b07-bb6e-105f03192441,ml5-ml-x97-jean,replaced,prefix:agree:both,Jean Grey,X-Men '97 Wave 2,2024,Jean Grey X-Men '97 (2024),X-Men '97 Legends,2024,"https://static.wixstatic.com/media/adc447_59ddf9316dc742ce928d76007b33425e~mv2.jpg/v1/fill/w_1200,h_1200,al_c,q_90/adc447_59ddf9316dc742ce928d76007b33425e~mv2.jpg"
mephitsu:marvel-legends:5d680633-3cdb-4dcc-90e1-5b2bea2020d8,ml5-ml-x97-jubilee,replaced,prefix:agree:both,Jubilee,X-Men '97 Wave 3,2025,Jubilee X-Men '97 (2025),X-Men '97 Legends,2025,"https://static.wixstatic.com/media/adc447_4cf9efb316af462180235971ad98d2b3~mv2.jpg/v1/fill/w_1200,h_1200,al_c,q_90/adc447_4cf9efb316af462180235971ad98d2b3~mv2.jpg"
mephitsu:marvel-legends:6535814f-29fb-459f-b5f5-c7a739277c1d,d14ml-kingpin-baf,replaced,equal:agree:both,Kingpin,Kingpin BAF Wave,2019,Kingpin (2019),Build-A-Figure,2019,"https://static.wixstatic.com/media/adc447_1f84fe6a5ade4771b7cfeb4b1baec72c~mv2.jpg/v1/fill/w_1200,h_1200,al_c,q_90/adc447_1f84fe6a5ade4771b7cfeb4b1baec72c~mv2.jpg"
mephitsu:marvel-legends:cad53cbc-4a21-4cd9-9bb4-f887e0b1a4bd,d14ml-kraglin,replaced,equal:agree:both,Kraglin,GOTG Vol. 3 Cosmo BAF Wave,2023,Kraglin (2023),Guardians Vol. 3,2023,"https://static.wixstatic.com/media/adc447_0c1818e0568c4fc588cfc23510ee99ec~mv2.jpg/v1/fill/w_1200,h_1200,al_c,q_90/adc447_0c1818e0568c4fc588cfc23510ee99ec~mv2.jpg"
mephitsu:marvel-legends:93d4f5c3-f574-4d80-a26f-8c35049b6565,mlc-legion-aoa,replaced,equal:agree:both,Legion,Age of Apocalypse Wave 2,2021,Legion (2021),Age of Apocalypse,2021,"https://static.wixstatic.com/media/adc447_0ded652d2a3d4147bbc2eab8620e56de~mv2.jpg/v1/fill/w_1200,h_1200,al_c,q_90/adc447_0ded652d2a3d4147bbc2eab8620e56de~mv2.jpg"
mephitsu:marvel-legends:f3826e5f-9963-4d2d-976b-bd4b92435e10,ml5-ml-x97-magneto,replaced,equal:agree:both,Magneto,X-Men '97 Wave 2,2024,Magneto (2024),X-Men '97 Legends,2024,"https://static.wixstatic.com/media/adc447_7b5c55a3a30c40f3b9fa1aa80b09407c~mv2.jpg/v1/fill/w_1200,h_1200,al_c,q_90/adc447_7b5c55a3a30c40f3b9fa1aa80b09407c~mv2.jpg"
mephitsu:marvel-legends:a4544c14-6f92-47c1-841d-7b46cd5c49d0,afmon-hasbro-marrow-hsg0796,replaced,equal:agree:both,Marrow,"Nemesis BAF Wave, Amazon & Fan Channel",2025,Marrow (2025),X-Men Nemesis BAF,2025,"https://static.wixstatic.com/media/adc447_ff9f67fface343de83e683549f68c36a~mv2.jpg/v1/fill/w_1200,h_1200,al_c,q_90/adc447_ff9f67fface343de83e683549f68c36a~mv2.jpg"
mephitsu:marvel-legends:66b906ef-8420-4288-a579-b1c5c85fc590,ml5-ml-x97-mister-sinister,already_correct,equal:agree:both,Mister Sinister,Wendigo BAF Wave,2019,Mister Sinister (2019),Wendigo BAF Wave,2019,"https://static.wixstatic.com/media/adc447_889fe8a595954632a9a0787382498700~mv2.jpg/v1/fill/w_1200,h_1200,al_c,q_90/adc447_889fe8a595954632a9a0787382498700~mv2.jpg"
mephitsu:marvel-legends:a3fc2b9a-4038-4bc1-8aec-7931b711487e,d14ml-mj-nwh,already_correct,equal:agree:both,MJ,No Way Home  Wave,2023,MJ (2023),No Way Home,2023,"https://static.wixstatic.com/media/adc447_71c7852f10ef4945b814cfe114f45432~mv2.jpg/v1/fill/w_1200,h_1200,al_c,q_90/adc447_71c7852f10ef4945b814cfe114f45432~mv2.jpg"
mephitsu:marvel-legends:9ed93d99-cc2e-488c-a6a4-6f342a2426bc,ml5-ml-x97-morph,replaced,equal:agree:both,Morph,X-Men '97 Wave 3,2025,Morph (2025),X-Men '97 Legends,2025,"https://static.wixstatic.com/media/adc447_1c44fb06c4cc4eda90e61d449f4e1c7f~mv2.jpg/v1/fill/w_1200,h_1200,al_c,q_90/adc447_1c44fb06c4cc4eda90e61d449f4e1c7f~mv2.jpg"
mephitsu:marvel-legends:4c7e82a8-5786-4db8-8528-257f640d73ef,afmon-hasbro-red-she-hulk-hsg2082,replaced,equal:generic:both,Red She-Hulk,Fan Channel,2026,Red She-Hulk (2026),Marvel Legends,2026,"https://static.wixstatic.com/media/adc447_a9a98b8a4695439e9578577794337127~mv2.jpg/v1/fill/w_1200,h_1200,al_c,q_90/adc447_a9a98b8a4695439e9578577794337127~mv2.jpg"
mephitsu:marvel-legends:c3a730c8-d8b5-4b29-aa9b-f4a4682cffe4,ml6-ml-rocket-vol3,replaced,equal:agree:both,Rocket,GOTG Vol. 3 Cosmo BAF Wave,2023,Rocket (2023),Vol. 3 Wave6,2023,"https://static.wixstatic.com/media/adc447_d33168941f55444197a312112771edb0~mv2.jpg/v1/fill/w_1200,h_1200,al_c,q_90/adc447_d33168941f55444197a312112771edb0~mv2.jpg"
mephitsu:marvel-legends:4f9df5f4-c512-4530-8d42-e384f6ce07dd,ml5-ml-x97-rogue,replaced,equal:agree:both,Rogue,X-Men '97 Wave 1,2023,Rogue (2023),X-Men '97 Legends,2023,"https://static.wixstatic.com/media/adc447_bad456e7f67f477195dab5396f3bb4c0~mv2.jpg/v1/fill/w_1200,h_1200,al_c,q_90/adc447_bad456e7f67f477195dab5396f3bb4c0~mv2.jpg"
mephitsu:marvel-legends:5493317c-eb25-4c66-8b1d-4f2aebe834c7,d14ml-sandman-nwh,replaced,equal:agree:both,Sandman,No Way Home  Wave,2023,Sandman (2023),No Way Home,2023,"https://static.wixstatic.com/media/adc447_3c056e95aff748d1b59f1868ab02b817~mv2.jpg/v1/fill/w_1200,h_1200,al_c,q_90/adc447_3c056e95aff748d1b59f1868ab02b817~mv2.jpg"
mephitsu:marvel-legends:59506a64-8c0d-41a5-8e54-1a0c1ddbdaba,mlc-sentinel-haslab,replaced,prefix:agree:both,Sentinel,HasLab,2021,Sentinel HasLab (2021),HasLab,2021,"https://static.wixstatic.com/media/adc447_81656dc2a8524455b331cb3e96f8783f~mv2.jpg/v1/fill/w_1200,h_1200,al_c,q_90/adc447_81656dc2a8524455b331cb3e96f8783f~mv2.jpg"
mephitsu:marvel-legends:f7a2b9db-96a9-456f-80c5-1543a72988c8,hs8-hs-01,replaced,prefix:agree:both,Spider-Man,Retro 2020,2020,Spider-Man Retro (2020),Marvel Legends Retro,2020,"https://static.wixstatic.com/media/adc447_25574b38944f41ad9191aa03098724d7~mv2.jpg/v1/fill/w_1200,h_1200,al_c,q_90/adc447_25574b38944f41ad9191aa03098724d7~mv2.jpg"
mephitsu:marvel-legends:03e2911c-1c1f-46cd-bef2-32bec0a9ed7d,d14ml-spidey-stealth,replaced,equal:generic:both,"Spider-Man, Stealth Suit",UK Wave,2019,Spider-Man Stealth Suit (2019),Stealth Suit,2019,"https://static.wixstatic.com/media/adc447_92cb8e5752ea48eeb3df4aab028c5819~mv2.jpg/v1/fill/w_1200,h_1200,al_c,q_90/adc447_92cb8e5752ea48eeb3df4aab028c5819~mv2.jpg"
mephitsu:marvel-legends:48b93a78-f69a-46ad-9e90-a970d78a5061,ml6-ml-starlord-vol3,replaced,equal:agree:both,Star-Lord,GOTG Vol. 3 Cosmo BAF Wave,2023,Star-Lord (2023),Vol. 3 Wave6,2023,"https://static.wixstatic.com/media/adc447_3ec891af5a934cc99e23527d794ab91a~mv2.jpg/v1/fill/w_1200,h_1200,al_c,q_90/adc447_3ec891af5a934cc99e23527d794ab91a~mv2.jpg"
mephitsu:marvel-legends:f4a02087-6de7-4738-9951-8d7d3c3e6fbf,ml5-ml-x97-storm,replaced,equal:agree:both,Storm,X-Men '97 Wave 1,2023,Storm (2023),X-Men '97 Legends,2023,"https://static.wixstatic.com/media/adc447_74692fba6cbb4e6db03a0bc58175deff~mv2.jpg/v1/fill/w_1200,h_1200,al_c,q_90/adc447_74692fba6cbb4e6db03a0bc58175deff~mv2.jpg"
mephitsu:marvel-legends:21023647-40ce-4669-ad6e-9c59615f0573,mlc-thanos-infinity,replaced,equal:agree:both,Thanos,Infinity Saga,2021,Thanos (2021),Infinity Gauntlet,2021,"https://static.wixstatic.com/media/adc447_6c6534c6b9ce42458c8eb9e949c9aa9c~mv2.jpg/v1/fill/w_1200,h_1200,al_c,q_90/adc447_6c6534c6b9ce42458c8eb9e949c9aa9c~mv2.jpg"
mephitsu:marvel-legends:68beb230-0cea-4946-8400-f1acfd8e587e,lv-hasbro-marvel-legends-punisher-2025,new,equal:generic:both,The Punisher,Fan Channel & Amazon,2025,Punisher (2025),,2025,"https://static.wixstatic.com/media/adc447_08ae46e2ca0341f9a93acb5ad47fdd95~mv2.jpg/v1/fill/w_1200,h_1200,al_c,q_90/adc447_08ae46e2ca0341f9a93acb5ad47fdd95~mv2.jpg"
mephitsu:marvel-legends:1064853e-3a08-4659-9400-8b3f068ef542,mlc-venom-classic,replaced,equal:agree:both,Venom,"'Let there be Carnage' Deluxe, Target (US) / Fan Channel",2024,Venom (2024),Let There Be Carnage (Target Exclusive),2024,"https://static.wixstatic.com/media/adc447_b42f0a1e7ccb4302906543c237b61cb9~mv2.jpg/v1/fill/w_1200,h_1200,al_c,q_90/adc447_b42f0a1e7ccb4302906543c237b61cb9~mv2.jpg"
mephitsu:marvel-legends:a339e439-4bd1-4116-8e94-e68ee8d8344e,ml3-ml-wendigo,replaced,equal:agree:both,Wendigo,Wendigo BAF Wave,2019,Wendigo (2019),BAF,2019,"https://static.wixstatic.com/media/adc447_43607803b9f14bbc8cf941e358e38702~mv2.jpg/v1/fill/w_1200,h_1200,al_c,q_90/adc447_43607803b9f14bbc8cf941e358e38702~mv2.jpg"
mephitsu:marvel-legends:522601e6-8f66-4799-a06e-cb04b0a3f674,ml5-ml-x97-wolverine,replaced,equal:agree:both,Wolverine,X-Men '97 Wave 1,2023,Wolverine (2023),X-Men '97 Legends,2023,"https://static.wixstatic.com/media/adc447_6d77c3cd3fb84fb7adf06869e1d2667f~mv2.jpg/v1/fill/w_1200,h_1200,al_c,q_90/adc447_6d77c3cd3fb84fb7adf06869e1d2667f~mv2.jpg"
